id	family	voltage_raw	current_raw	voltage_factor	current_factor	polarity	mv	ma_integer	watts_milli_precision	current_ua	signed_ma	signed_watts	voltage_uv	power_mw
1	scale-sign	3700	0	1000	1000	normal	3700	0	0.000	0	0	0.0	3700000	0
2	scale-sign	3700	0	1000	1000	inverted	3700	0	0.000	0	-0	-0.0	3700000	0
3	scale-sign	3700	0	1000	1000	normal	3700	0	0.000	0	0	0.0	3700000	0
4	scale-sign	3700	0	1000	1000	inverted	3700	0	0.000	0	-0	-0.0	3700000	0
5	scale-sign	3700	0	1000	1000000	normal	3700	0	0.000	0	0	0.0	3700000	0
6	scale-sign	3700	0	1000	1000000	inverted	3700	0	0.000	0	-0	-0.0	3700000	0
7	scale-sign	3700	0	1000	1000000	normal	3700	0	0.000	0	0	0.0	3700000	0
8	scale-sign	3700	0	1000	1000000	inverted	3700	0	0.000	0	-0	-0.0	3700000	0
9	scale-sign	3700	-1	1000	1000	normal	3700	-1	0.003	-1000	-1.000	-0.0037	3700000	3
10	scale-sign	3700	-1	1000	1000	inverted	3700	-1	0.003	-1000	1.000	0.0037	3700000	3
11	scale-sign	3700	1	1000	1000	normal	3700	1	0.003	1000	1.000	0.0037	3700000	3
12	scale-sign	3700	1	1000	1000	inverted	3700	1	0.003	1000	-1.000	-0.0037	3700000	3
13	scale-sign	3700	-1000	1000	1000000	normal	3700	-1	0.003	-1000	-1.000	-0.0037	3700000	3
14	scale-sign	3700	-1000	1000	1000000	inverted	3700	-1	0.003	-1000	1.000	0.0037	3700000	3
15	scale-sign	3700	1000	1000	1000000	normal	3700	1	0.003	1000	1.000	0.0037	3700000	3
16	scale-sign	3700	1000	1000	1000000	inverted	3700	1	0.003	1000	-1.000	-0.0037	3700000	3
17	scale-sign	3700	-30	1000	1000	normal	3700	-30	0.111	-30000	-30.00	-0.111	3700000	111
18	scale-sign	3700	-30	1000	1000	inverted	3700	-30	0.111	-30000	30.00	0.111	3700000	111
19	scale-sign	3700	30	1000	1000	normal	3700	30	0.111	30000	30.00	0.111	3700000	111
20	scale-sign	3700	30	1000	1000	inverted	3700	30	0.111	30000	-30.00	-0.111	3700000	111
21	scale-sign	3700	-30000	1000	1000000	normal	3700	-30	0.111	-30000	-30.00	-0.111	3700000	111
22	scale-sign	3700	-30000	1000	1000000	inverted	3700	-30	0.111	-30000	30.00	0.111	3700000	111
23	scale-sign	3700	30000	1000	1000000	normal	3700	30	0.111	30000	30.00	0.111	3700000	111
24	scale-sign	3700	30000	1000	1000000	inverted	3700	30	0.111	30000	-30.00	-0.111	3700000	111
25	scale-sign	3700	-31	1000	1000	normal	3700	-31	0.114	-31000	-31.000	-0.1147	3700000	114
26	scale-sign	3700	-31	1000	1000	inverted	3700	-31	0.114	-31000	31.000	0.1147	3700000	114
27	scale-sign	3700	31	1000	1000	normal	3700	31	0.114	31000	31.000	0.1147	3700000	114
28	scale-sign	3700	31	1000	1000	inverted	3700	31	0.114	31000	-31.000	-0.1147	3700000	114
29	scale-sign	3700	-31000	1000	1000000	normal	3700	-31	0.114	-31000	-31.000	-0.1147	3700000	114
30	scale-sign	3700	-31000	1000	1000000	inverted	3700	-31	0.114	-31000	31.000	0.1147	3700000	114
31	scale-sign	3700	31000	1000	1000000	normal	3700	31	0.114	31000	31.000	0.1147	3700000	114
32	scale-sign	3700	31000	1000	1000000	inverted	3700	31	0.114	31000	-31.000	-0.1147	3700000	114
33	scale-sign	3700	-50	1000	1000	normal	3700	-50	0.185	-50000	-50.00	-0.185	3700000	185
34	scale-sign	3700	-50	1000	1000	inverted	3700	-50	0.185	-50000	50.00	0.185	3700000	185
35	scale-sign	3700	50	1000	1000	normal	3700	50	0.185	50000	50.00	0.185	3700000	185
36	scale-sign	3700	50	1000	1000	inverted	3700	50	0.185	50000	-50.00	-0.185	3700000	185
37	scale-sign	3700	-50000	1000	1000000	normal	3700	-50	0.185	-50000	-50.00	-0.185	3700000	185
38	scale-sign	3700	-50000	1000	1000000	inverted	3700	-50	0.185	-50000	50.00	0.185	3700000	185
39	scale-sign	3700	50000	1000	1000000	normal	3700	50	0.185	50000	50.00	0.185	3700000	185
40	scale-sign	3700	50000	1000	1000000	inverted	3700	50	0.185	50000	-50.00	-0.185	3700000	185
41	scale-sign	3700	-51	1000	1000	normal	3700	-51	0.188	-51000	-51.000	-0.1887	3700000	188
42	scale-sign	3700	-51	1000	1000	inverted	3700	-51	0.188	-51000	51.000	0.1887	3700000	188
43	scale-sign	3700	51	1000	1000	normal	3700	51	0.188	51000	51.000	0.1887	3700000	188
44	scale-sign	3700	51	1000	1000	inverted	3700	51	0.188	51000	-51.000	-0.1887	3700000	188
45	scale-sign	3700	-51000	1000	1000000	normal	3700	-51	0.188	-51000	-51.000	-0.1887	3700000	188
46	scale-sign	3700	-51000	1000	1000000	inverted	3700	-51	0.188	-51000	51.000	0.1887	3700000	188
47	scale-sign	3700	51000	1000	1000000	normal	3700	51	0.188	51000	51.000	0.1887	3700000	188
48	scale-sign	3700	51000	1000	1000000	inverted	3700	51	0.188	51000	-51.000	-0.1887	3700000	188
49	scale-sign	3700	-895	1000	1000	normal	3700	-895	3.311	-895000	-895.000	-3.3115	3700000	3311
50	scale-sign	3700	-895	1000	1000	inverted	3700	-895	3.311	-895000	895.000	3.3115	3700000	3311
51	scale-sign	3700	895	1000	1000	normal	3700	895	3.311	895000	895.000	3.3115	3700000	3311
52	scale-sign	3700	895	1000	1000	inverted	3700	895	3.311	895000	-895.000	-3.3115	3700000	3311
53	scale-sign	3700	-895000	1000	1000000	normal	3700	-895	3.311	-895000	-895.000	-3.3115	3700000	3311
54	scale-sign	3700	-895000	1000	1000000	inverted	3700	-895	3.311	-895000	895.000	3.3115	3700000	3311
55	scale-sign	3700	895000	1000	1000000	normal	3700	895	3.311	895000	895.000	3.3115	3700000	3311
56	scale-sign	3700	895000	1000	1000000	inverted	3700	895	3.311	895000	-895.000	-3.3115	3700000	3311
57	scale-sign	3700	-2000	1000	1000	normal	3700	-2000	7.400	-2000000	-2000	-7.4	3700000	7400
58	scale-sign	3700	-2000	1000	1000	inverted	3700	-2000	7.400	-2000000	2000	7.4	3700000	7400
59	scale-sign	3700	2000	1000	1000	normal	3700	2000	7.400	2000000	2000	7.4	3700000	7400
60	scale-sign	3700	2000	1000	1000	inverted	3700	2000	7.400	2000000	-2000	-7.4	3700000	7400
61	scale-sign	3700	-2000000	1000	1000000	normal	3700	-2000	7.400	-2000000	-2000	-7.4	3700000	7400
62	scale-sign	3700	-2000000	1000	1000000	inverted	3700	-2000	7.400	-2000000	2000	7.4	3700000	7400
63	scale-sign	3700	2000000	1000	1000000	normal	3700	2000	7.400	2000000	2000	7.4	3700000	7400
64	scale-sign	3700	2000000	1000	1000000	inverted	3700	2000	7.400	2000000	-2000	-7.4	3700000	7400
65	scale-sign	3700	-20000	1000	1000	normal	3700	-20000	74.000	-20000000	-20000	-74.0	3700000	74000
66	scale-sign	3700	-20000	1000	1000	inverted	3700	-20000	74.000	-20000000	20000	74.0	3700000	74000
67	scale-sign	3700	20000	1000	1000	normal	3700	20000	74.000	20000000	20000	74.0	3700000	74000
68	scale-sign	3700	20000	1000	1000	inverted	3700	20000	74.000	20000000	-20000	-74.0	3700000	74000
69	scale-sign	3700	-20000000	1000	1000000	normal	3700	-20000	74.000	-20000000	-20000	-74.0	3700000	74000
70	scale-sign	3700	-20000000	1000	1000000	inverted	3700	-20000	74.000	-20000000	20000	74.0	3700000	74000
71	scale-sign	3700	20000000	1000	1000000	normal	3700	20000	74.000	20000000	20000	74.0	3700000	74000
72	scale-sign	3700	20000000	1000	1000000	inverted	3700	20000	74.000	20000000	-20000	-74.0	3700000	74000
73	scale-sign	3700	-100000	1000	1000	normal	3700	-100000	370.000	-100000000	-100000	-370.0	3700000	370000
74	scale-sign	3700	-100000	1000	1000	inverted	3700	-100000	370.000	-100000000	100000	370.0	3700000	370000
75	scale-sign	3700	100000	1000	1000	normal	3700	100000	370.000	100000000	100000	370.0	3700000	370000
76	scale-sign	3700	100000	1000	1000	inverted	3700	100000	370.000	100000000	-100000	-370.0	3700000	370000
77	scale-sign	3700	-100000000	1000	1000000	normal	3700	-100000	370.000	-100000000	-100000	-370.0	3700000	370000
78	scale-sign	3700	-100000000	1000	1000000	inverted	3700	-100000	370.000	-100000000	100000	370.0	3700000	370000
79	scale-sign	3700	100000000	1000	1000000	normal	3700	100000	370.000	100000000	100000	370.0	3700000	370000
80	scale-sign	3700	100000000	1000	1000000	inverted	3700	100000	370.000	100000000	-100000	-370.0	3700000	370000
81	scale-sign	3700000	0	1000000	1000	normal	3700	0	0.000	0	0	0.0	3700000	0
82	scale-sign	3700000	0	1000000	1000	inverted	3700	0	0.000	0	-0	-0.0	3700000	0
83	scale-sign	3700000	0	1000000	1000	normal	3700	0	0.000	0	0	0.0	3700000	0
84	scale-sign	3700000	0	1000000	1000	inverted	3700	0	0.000	0	-0	-0.0	3700000	0
85	scale-sign	3700000	0	1000000	1000000	normal	3700	0	0.000	0	0	0.0	3700000	0
86	scale-sign	3700000	0	1000000	1000000	inverted	3700	0	0.000	0	-0	-0.0	3700000	0
87	scale-sign	3700000	0	1000000	1000000	normal	3700	0	0.000	0	0	0.0	3700000	0
88	scale-sign	3700000	0	1000000	1000000	inverted	3700	0	0.000	0	-0	-0.0	3700000	0
89	scale-sign	3700000	-1	1000000	1000	normal	3700	-1	0.003	-1000	-1.000	-0.0037	3700000	3
90	scale-sign	3700000	-1	1000000	1000	inverted	3700	-1	0.003	-1000	1.000	0.0037	3700000	3
91	scale-sign	3700000	1	1000000	1000	normal	3700	1	0.003	1000	1.000	0.0037	3700000	3
92	scale-sign	3700000	1	1000000	1000	inverted	3700	1	0.003	1000	-1.000	-0.0037	3700000	3
93	scale-sign	3700000	-1000	1000000	1000000	normal	3700	-1	0.003	-1000	-1.000	-0.0037	3700000	3
94	scale-sign	3700000	-1000	1000000	1000000	inverted	3700	-1	0.003	-1000	1.000	0.0037	3700000	3
95	scale-sign	3700000	1000	1000000	1000000	normal	3700	1	0.003	1000	1.000	0.0037	3700000	3
96	scale-sign	3700000	1000	1000000	1000000	inverted	3700	1	0.003	1000	-1.000	-0.0037	3700000	3
97	scale-sign	3700000	-30	1000000	1000	normal	3700	-30	0.111	-30000	-30.00	-0.111	3700000	111
98	scale-sign	3700000	-30	1000000	1000	inverted	3700	-30	0.111	-30000	30.00	0.111	3700000	111
99	scale-sign	3700000	30	1000000	1000	normal	3700	30	0.111	30000	30.00	0.111	3700000	111
100	scale-sign	3700000	30	1000000	1000	inverted	3700	30	0.111	30000	-30.00	-0.111	3700000	111
101	scale-sign	3700000	-30000	1000000	1000000	normal	3700	-30	0.111	-30000	-30.00	-0.111	3700000	111
102	scale-sign	3700000	-30000	1000000	1000000	inverted	3700	-30	0.111	-30000	30.00	0.111	3700000	111
103	scale-sign	3700000	30000	1000000	1000000	normal	3700	30	0.111	30000	30.00	0.111	3700000	111
104	scale-sign	3700000	30000	1000000	1000000	inverted	3700	30	0.111	30000	-30.00	-0.111	3700000	111
105	scale-sign	3700000	-31	1000000	1000	normal	3700	-31	0.114	-31000	-31.000	-0.1147	3700000	114
106	scale-sign	3700000	-31	1000000	1000	inverted	3700	-31	0.114	-31000	31.000	0.1147	3700000	114
107	scale-sign	3700000	31	1000000	1000	normal	3700	31	0.114	31000	31.000	0.1147	3700000	114
108	scale-sign	3700000	31	1000000	1000	inverted	3700	31	0.114	31000	-31.000	-0.1147	3700000	114
109	scale-sign	3700000	-31000	1000000	1000000	normal	3700	-31	0.114	-31000	-31.000	-0.1147	3700000	114
110	scale-sign	3700000	-31000	1000000	1000000	inverted	3700	-31	0.114	-31000	31.000	0.1147	3700000	114
111	scale-sign	3700000	31000	1000000	1000000	normal	3700	31	0.114	31000	31.000	0.1147	3700000	114
112	scale-sign	3700000	31000	1000000	1000000	inverted	3700	31	0.114	31000	-31.000	-0.1147	3700000	114
113	scale-sign	3700000	-50	1000000	1000	normal	3700	-50	0.185	-50000	-50.00	-0.185	3700000	185
114	scale-sign	3700000	-50	1000000	1000	inverted	3700	-50	0.185	-50000	50.00	0.185	3700000	185
115	scale-sign	3700000	50	1000000	1000	normal	3700	50	0.185	50000	50.00	0.185	3700000	185
116	scale-sign	3700000	50	1000000	1000	inverted	3700	50	0.185	50000	-50.00	-0.185	3700000	185
117	scale-sign	3700000	-50000	1000000	1000000	normal	3700	-50	0.185	-50000	-50.00	-0.185	3700000	185
118	scale-sign	3700000	-50000	1000000	1000000	inverted	3700	-50	0.185	-50000	50.00	0.185	3700000	185
119	scale-sign	3700000	50000	1000000	1000000	normal	3700	50	0.185	50000	50.00	0.185	3700000	185
120	scale-sign	3700000	50000	1000000	1000000	inverted	3700	50	0.185	50000	-50.00	-0.185	3700000	185
121	scale-sign	3700000	-51	1000000	1000	normal	3700	-51	0.188	-51000	-51.000	-0.1887	3700000	188
122	scale-sign	3700000	-51	1000000	1000	inverted	3700	-51	0.188	-51000	51.000	0.1887	3700000	188
123	scale-sign	3700000	51	1000000	1000	normal	3700	51	0.188	51000	51.000	0.1887	3700000	188
124	scale-sign	3700000	51	1000000	1000	inverted	3700	51	0.188	51000	-51.000	-0.1887	3700000	188
125	scale-sign	3700000	-51000	1000000	1000000	normal	3700	-51	0.188	-51000	-51.000	-0.1887	3700000	188
126	scale-sign	3700000	-51000	1000000	1000000	inverted	3700	-51	0.188	-51000	51.000	0.1887	3700000	188
127	scale-sign	3700000	51000	1000000	1000000	normal	3700	51	0.188	51000	51.000	0.1887	3700000	188
128	scale-sign	3700000	51000	1000000	1000000	inverted	3700	51	0.188	51000	-51.000	-0.1887	3700000	188
129	scale-sign	3700000	-895	1000000	1000	normal	3700	-895	3.311	-895000	-895.000	-3.3115	3700000	3311
130	scale-sign	3700000	-895	1000000	1000	inverted	3700	-895	3.311	-895000	895.000	3.3115	3700000	3311
131	scale-sign	3700000	895	1000000	1000	normal	3700	895	3.311	895000	895.000	3.3115	3700000	3311
132	scale-sign	3700000	895	1000000	1000	inverted	3700	895	3.311	895000	-895.000	-3.3115	3700000	3311
133	scale-sign	3700000	-895000	1000000	1000000	normal	3700	-895	3.311	-895000	-895.000	-3.3115	3700000	3311
134	scale-sign	3700000	-895000	1000000	1000000	inverted	3700	-895	3.311	-895000	895.000	3.3115	3700000	3311
135	scale-sign	3700000	895000	1000000	1000000	normal	3700	895	3.311	895000	895.000	3.3115	3700000	3311
136	scale-sign	3700000	895000	1000000	1000000	inverted	3700	895	3.311	895000	-895.000	-3.3115	3700000	3311
137	scale-sign	3700000	-2000	1000000	1000	normal	3700	-2000	7.400	-2000000	-2000	-7.4	3700000	7400
138	scale-sign	3700000	-2000	1000000	1000	inverted	3700	-2000	7.400	-2000000	2000	7.4	3700000	7400
139	scale-sign	3700000	2000	1000000	1000	normal	3700	2000	7.400	2000000	2000	7.4	3700000	7400
140	scale-sign	3700000	2000	1000000	1000	inverted	3700	2000	7.400	2000000	-2000	-7.4	3700000	7400
141	scale-sign	3700000	-2000000	1000000	1000000	normal	3700	-2000	7.400	-2000000	-2000	-7.4	3700000	7400
142	scale-sign	3700000	-2000000	1000000	1000000	inverted	3700	-2000	7.400	-2000000	2000	7.4	3700000	7400
143	scale-sign	3700000	2000000	1000000	1000000	normal	3700	2000	7.400	2000000	2000	7.4	3700000	7400
144	scale-sign	3700000	2000000	1000000	1000000	inverted	3700	2000	7.400	2000000	-2000	-7.4	3700000	7400
145	scale-sign	3700000	-20000	1000000	1000	normal	3700	-20000	74.000	-20000000	-20000	-74.0	3700000	74000
146	scale-sign	3700000	-20000	1000000	1000	inverted	3700	-20000	74.000	-20000000	20000	74.0	3700000	74000
147	scale-sign	3700000	20000	1000000	1000	normal	3700	20000	74.000	20000000	20000	74.0	3700000	74000
148	scale-sign	3700000	20000	1000000	1000	inverted	3700	20000	74.000	20000000	-20000	-74.0	3700000	74000
149	scale-sign	3700000	-20000000	1000000	1000000	normal	3700	-20000	74.000	-20000000	-20000	-74.0	3700000	74000
150	scale-sign	3700000	-20000000	1000000	1000000	inverted	3700	-20000	74.000	-20000000	20000	74.0	3700000	74000
151	scale-sign	3700000	20000000	1000000	1000000	normal	3700	20000	74.000	20000000	20000	74.0	3700000	74000
152	scale-sign	3700000	20000000	1000000	1000000	inverted	3700	20000	74.000	20000000	-20000	-74.0	3700000	74000
153	scale-sign	3700000	-100000	1000000	1000	normal	3700	-100000	370.000	-100000000	-100000	-370.0	3700000	370000
154	scale-sign	3700000	-100000	1000000	1000	inverted	3700	-100000	370.000	-100000000	100000	370.0	3700000	370000
155	scale-sign	3700000	100000	1000000	1000	normal	3700	100000	370.000	100000000	100000	370.0	3700000	370000
156	scale-sign	3700000	100000	1000000	1000	inverted	3700	100000	370.000	100000000	-100000	-370.0	3700000	370000
157	scale-sign	3700000	-100000000	1000000	1000000	normal	3700	-100000	370.000	-100000000	-100000	-370.0	3700000	370000
158	scale-sign	3700000	-100000000	1000000	1000000	inverted	3700	-100000	370.000	-100000000	100000	370.0	3700000	370000
159	scale-sign	3700000	100000000	1000000	1000000	normal	3700	100000	370.000	100000000	100000	370.0	3700000	370000
160	scale-sign	3700000	100000000	1000000	1000000	inverted	3700	100000	370.000	100000000	-100000	-370.0	3700000	370000
161	scale-sign	5000	0	1000	1000	normal	5000	0	0.000	0	0	0	5000000	0
162	scale-sign	5000	0	1000	1000	inverted	5000	0	0.000	0	-0	-0	5000000	0
163	scale-sign	5000	0	1000	1000	normal	5000	0	0.000	0	0	0	5000000	0
164	scale-sign	5000	0	1000	1000	inverted	5000	0	0.000	0	-0	-0	5000000	0
165	scale-sign	5000	0	1000	1000000	normal	5000	0	0.000	0	0	0	5000000	0
166	scale-sign	5000	0	1000	1000000	inverted	5000	0	0.000	0	-0	-0	5000000	0
167	scale-sign	5000	0	1000	1000000	normal	5000	0	0.000	0	0	0	5000000	0
168	scale-sign	5000	0	1000	1000000	inverted	5000	0	0.000	0	-0	-0	5000000	0
169	scale-sign	5000	-1	1000	1000	normal	5000	-1	0.005	-1000	-1.000	-0.005	5000000	5
170	scale-sign	5000	-1	1000	1000	inverted	5000	-1	0.005	-1000	1.000	0.005	5000000	5
171	scale-sign	5000	1	1000	1000	normal	5000	1	0.005	1000	1.000	0.005	5000000	5
172	scale-sign	5000	1	1000	1000	inverted	5000	1	0.005	1000	-1.000	-0.005	5000000	5
173	scale-sign	5000	-1000	1000	1000000	normal	5000	-1	0.005	-1000	-1.000	-0.005	5000000	5
174	scale-sign	5000	-1000	1000	1000000	inverted	5000	-1	0.005	-1000	1.000	0.005	5000000	5
175	scale-sign	5000	1000	1000	1000000	normal	5000	1	0.005	1000	1.000	0.005	5000000	5
176	scale-sign	5000	1000	1000	1000000	inverted	5000	1	0.005	1000	-1.000	-0.005	5000000	5
177	scale-sign	5000	-30	1000	1000	normal	5000	-30	0.150	-30000	-30.00	-0.15	5000000	150
178	scale-sign	5000	-30	1000	1000	inverted	5000	-30	0.150	-30000	30.00	0.15	5000000	150
179	scale-sign	5000	30	1000	1000	normal	5000	30	0.150	30000	30.00	0.15	5000000	150
180	scale-sign	5000	30	1000	1000	inverted	5000	30	0.150	30000	-30.00	-0.15	5000000	150
181	scale-sign	5000	-30000	1000	1000000	normal	5000	-30	0.150	-30000	-30.00	-0.15	5000000	150
182	scale-sign	5000	-30000	1000	1000000	inverted	5000	-30	0.150	-30000	30.00	0.15	5000000	150
183	scale-sign	5000	30000	1000	1000000	normal	5000	30	0.150	30000	30.00	0.15	5000000	150
184	scale-sign	5000	30000	1000	1000000	inverted	5000	30	0.150	30000	-30.00	-0.15	5000000	150
185	scale-sign	5000	-31	1000	1000	normal	5000	-31	0.155	-31000	-31.000	-0.155	5000000	155
186	scale-sign	5000	-31	1000	1000	inverted	5000	-31	0.155	-31000	31.000	0.155	5000000	155
187	scale-sign	5000	31	1000	1000	normal	5000	31	0.155	31000	31.000	0.155	5000000	155
188	scale-sign	5000	31	1000	1000	inverted	5000	31	0.155	31000	-31.000	-0.155	5000000	155
189	scale-sign	5000	-31000	1000	1000000	normal	5000	-31	0.155	-31000	-31.000	-0.155	5000000	155
190	scale-sign	5000	-31000	1000	1000000	inverted	5000	-31	0.155	-31000	31.000	0.155	5000000	155
191	scale-sign	5000	31000	1000	1000000	normal	5000	31	0.155	31000	31.000	0.155	5000000	155
192	scale-sign	5000	31000	1000	1000000	inverted	5000	31	0.155	31000	-31.000	-0.155	5000000	155
193	scale-sign	5000	-50	1000	1000	normal	5000	-50	0.250	-50000	-50.00	-0.25	5000000	250
194	scale-sign	5000	-50	1000	1000	inverted	5000	-50	0.250	-50000	50.00	0.25	5000000	250
195	scale-sign	5000	50	1000	1000	normal	5000	50	0.250	50000	50.00	0.25	5000000	250
196	scale-sign	5000	50	1000	1000	inverted	5000	50	0.250	50000	-50.00	-0.25	5000000	250
197	scale-sign	5000	-50000	1000	1000000	normal	5000	-50	0.250	-50000	-50.00	-0.25	5000000	250
198	scale-sign	5000	-50000	1000	1000000	inverted	5000	-50	0.250	-50000	50.00	0.25	5000000	250
199	scale-sign	5000	50000	1000	1000000	normal	5000	50	0.250	50000	50.00	0.25	5000000	250
200	scale-sign	5000	50000	1000	1000000	inverted	5000	50	0.250	50000	-50.00	-0.25	5000000	250
201	scale-sign	5000	-51	1000	1000	normal	5000	-51	0.255	-51000	-51.000	-0.255	5000000	255
202	scale-sign	5000	-51	1000	1000	inverted	5000	-51	0.255	-51000	51.000	0.255	5000000	255
203	scale-sign	5000	51	1000	1000	normal	5000	51	0.255	51000	51.000	0.255	5000000	255
204	scale-sign	5000	51	1000	1000	inverted	5000	51	0.255	51000	-51.000	-0.255	5000000	255
205	scale-sign	5000	-51000	1000	1000000	normal	5000	-51	0.255	-51000	-51.000	-0.255	5000000	255
206	scale-sign	5000	-51000	1000	1000000	inverted	5000	-51	0.255	-51000	51.000	0.255	5000000	255
207	scale-sign	5000	51000	1000	1000000	normal	5000	51	0.255	51000	51.000	0.255	5000000	255
208	scale-sign	5000	51000	1000	1000000	inverted	5000	51	0.255	51000	-51.000	-0.255	5000000	255
209	scale-sign	5000	-895	1000	1000	normal	5000	-895	4.475	-895000	-895.000	-4.475	5000000	4475
210	scale-sign	5000	-895	1000	1000	inverted	5000	-895	4.475	-895000	895.000	4.475	5000000	4475
211	scale-sign	5000	895	1000	1000	normal	5000	895	4.475	895000	895.000	4.475	5000000	4475
212	scale-sign	5000	895	1000	1000	inverted	5000	895	4.475	895000	-895.000	-4.475	5000000	4475
213	scale-sign	5000	-895000	1000	1000000	normal	5000	-895	4.475	-895000	-895.000	-4.475	5000000	4475
214	scale-sign	5000	-895000	1000	1000000	inverted	5000	-895	4.475	-895000	895.000	4.475	5000000	4475
215	scale-sign	5000	895000	1000	1000000	normal	5000	895	4.475	895000	895.000	4.475	5000000	4475
216	scale-sign	5000	895000	1000	1000000	inverted	5000	895	4.475	895000	-895.000	-4.475	5000000	4475
217	scale-sign	5000	-2000	1000	1000	normal	5000	-2000	10.000	-2000000	-2000	-10	5000000	10000
218	scale-sign	5000	-2000	1000	1000	inverted	5000	-2000	10.000	-2000000	2000	10	5000000	10000
219	scale-sign	5000	2000	1000	1000	normal	5000	2000	10.000	2000000	2000	10	5000000	10000
220	scale-sign	5000	2000	1000	1000	inverted	5000	2000	10.000	2000000	-2000	-10	5000000	10000
221	scale-sign	5000	-2000000	1000	1000000	normal	5000	-2000	10.000	-2000000	-2000	-10	5000000	10000
222	scale-sign	5000	-2000000	1000	1000000	inverted	5000	-2000	10.000	-2000000	2000	10	5000000	10000
223	scale-sign	5000	2000000	1000	1000000	normal	5000	2000	10.000	2000000	2000	10	5000000	10000
224	scale-sign	5000	2000000	1000	1000000	inverted	5000	2000	10.000	2000000	-2000	-10	5000000	10000
225	scale-sign	5000	-20000	1000	1000	normal	5000	-20000	100.000	-20000000	-20000	-100	5000000	100000
226	scale-sign	5000	-20000	1000	1000	inverted	5000	-20000	100.000	-20000000	20000	100	5000000	100000
227	scale-sign	5000	20000	1000	1000	normal	5000	20000	100.000	20000000	20000	100	5000000	100000
228	scale-sign	5000	20000	1000	1000	inverted	5000	20000	100.000	20000000	-20000	-100	5000000	100000
229	scale-sign	5000	-20000000	1000	1000000	normal	5000	-20000	100.000	-20000000	-20000	-100	5000000	100000
230	scale-sign	5000	-20000000	1000	1000000	inverted	5000	-20000	100.000	-20000000	20000	100	5000000	100000
231	scale-sign	5000	20000000	1000	1000000	normal	5000	20000	100.000	20000000	20000	100	5000000	100000
232	scale-sign	5000	20000000	1000	1000000	inverted	5000	20000	100.000	20000000	-20000	-100	5000000	100000
233	scale-sign	5000	-100000	1000	1000	normal	5000	-100000	500.000	-100000000	-100000	-500	5000000	500000
234	scale-sign	5000	-100000	1000	1000	inverted	5000	-100000	500.000	-100000000	100000	500	5000000	500000
235	scale-sign	5000	100000	1000	1000	normal	5000	100000	500.000	100000000	100000	500	5000000	500000
236	scale-sign	5000	100000	1000	1000	inverted	5000	100000	500.000	100000000	-100000	-500	5000000	500000
237	scale-sign	5000	-100000000	1000	1000000	normal	5000	-100000	500.000	-100000000	-100000	-500	5000000	500000
238	scale-sign	5000	-100000000	1000	1000000	inverted	5000	-100000	500.000	-100000000	100000	500	5000000	500000
239	scale-sign	5000	100000000	1000	1000000	normal	5000	100000	500.000	100000000	100000	500	5000000	500000
240	scale-sign	5000	100000000	1000	1000000	inverted	5000	100000	500.000	100000000	-100000	-500	5000000	500000
241	scale-sign	5000000	0	1000000	1000	normal	5000	0	0.000	0	0	0	5000000	0
242	scale-sign	5000000	0	1000000	1000	inverted	5000	0	0.000	0	-0	-0	5000000	0
243	scale-sign	5000000	0	1000000	1000	normal	5000	0	0.000	0	0	0	5000000	0
244	scale-sign	5000000	0	1000000	1000	inverted	5000	0	0.000	0	-0	-0	5000000	0
245	scale-sign	5000000	0	1000000	1000000	normal	5000	0	0.000	0	0	0	5000000	0
246	scale-sign	5000000	0	1000000	1000000	inverted	5000	0	0.000	0	-0	-0	5000000	0
247	scale-sign	5000000	0	1000000	1000000	normal	5000	0	0.000	0	0	0	5000000	0
248	scale-sign	5000000	0	1000000	1000000	inverted	5000	0	0.000	0	-0	-0	5000000	0
249	scale-sign	5000000	-1	1000000	1000	normal	5000	-1	0.005	-1000	-1.000	-0.005	5000000	5
250	scale-sign	5000000	-1	1000000	1000	inverted	5000	-1	0.005	-1000	1.000	0.005	5000000	5
251	scale-sign	5000000	1	1000000	1000	normal	5000	1	0.005	1000	1.000	0.005	5000000	5
252	scale-sign	5000000	1	1000000	1000	inverted	5000	1	0.005	1000	-1.000	-0.005	5000000	5
253	scale-sign	5000000	-1000	1000000	1000000	normal	5000	-1	0.005	-1000	-1.000	-0.005	5000000	5
254	scale-sign	5000000	-1000	1000000	1000000	inverted	5000	-1	0.005	-1000	1.000	0.005	5000000	5
255	scale-sign	5000000	1000	1000000	1000000	normal	5000	1	0.005	1000	1.000	0.005	5000000	5
256	scale-sign	5000000	1000	1000000	1000000	inverted	5000	1	0.005	1000	-1.000	-0.005	5000000	5
257	scale-sign	5000000	-30	1000000	1000	normal	5000	-30	0.150	-30000	-30.00	-0.15	5000000	150
258	scale-sign	5000000	-30	1000000	1000	inverted	5000	-30	0.150	-30000	30.00	0.15	5000000	150
259	scale-sign	5000000	30	1000000	1000	normal	5000	30	0.150	30000	30.00	0.15	5000000	150
260	scale-sign	5000000	30	1000000	1000	inverted	5000	30	0.150	30000	-30.00	-0.15	5000000	150
261	scale-sign	5000000	-30000	1000000	1000000	normal	5000	-30	0.150	-30000	-30.00	-0.15	5000000	150
262	scale-sign	5000000	-30000	1000000	1000000	inverted	5000	-30	0.150	-30000	30.00	0.15	5000000	150
263	scale-sign	5000000	30000	1000000	1000000	normal	5000	30	0.150	30000	30.00	0.15	5000000	150
264	scale-sign	5000000	30000	1000000	1000000	inverted	5000	30	0.150	30000	-30.00	-0.15	5000000	150
265	scale-sign	5000000	-31	1000000	1000	normal	5000	-31	0.155	-31000	-31.000	-0.155	5000000	155
266	scale-sign	5000000	-31	1000000	1000	inverted	5000	-31	0.155	-31000	31.000	0.155	5000000	155
267	scale-sign	5000000	31	1000000	1000	normal	5000	31	0.155	31000	31.000	0.155	5000000	155
268	scale-sign	5000000	31	1000000	1000	inverted	5000	31	0.155	31000	-31.000	-0.155	5000000	155
269	scale-sign	5000000	-31000	1000000	1000000	normal	5000	-31	0.155	-31000	-31.000	-0.155	5000000	155
270	scale-sign	5000000	-31000	1000000	1000000	inverted	5000	-31	0.155	-31000	31.000	0.155	5000000	155
271	scale-sign	5000000	31000	1000000	1000000	normal	5000	31	0.155	31000	31.000	0.155	5000000	155
272	scale-sign	5000000	31000	1000000	1000000	inverted	5000	31	0.155	31000	-31.000	-0.155	5000000	155
273	scale-sign	5000000	-50	1000000	1000	normal	5000	-50	0.250	-50000	-50.00	-0.25	5000000	250
274	scale-sign	5000000	-50	1000000	1000	inverted	5000	-50	0.250	-50000	50.00	0.25	5000000	250
275	scale-sign	5000000	50	1000000	1000	normal	5000	50	0.250	50000	50.00	0.25	5000000	250
276	scale-sign	5000000	50	1000000	1000	inverted	5000	50	0.250	50000	-50.00	-0.25	5000000	250
277	scale-sign	5000000	-50000	1000000	1000000	normal	5000	-50	0.250	-50000	-50.00	-0.25	5000000	250
278	scale-sign	5000000	-50000	1000000	1000000	inverted	5000	-50	0.250	-50000	50.00	0.25	5000000	250
279	scale-sign	5000000	50000	1000000	1000000	normal	5000	50	0.250	50000	50.00	0.25	5000000	250
280	scale-sign	5000000	50000	1000000	1000000	inverted	5000	50	0.250	50000	-50.00	-0.25	5000000	250
281	scale-sign	5000000	-51	1000000	1000	normal	5000	-51	0.255	-51000	-51.000	-0.255	5000000	255
282	scale-sign	5000000	-51	1000000	1000	inverted	5000	-51	0.255	-51000	51.000	0.255	5000000	255
283	scale-sign	5000000	51	1000000	1000	normal	5000	51	0.255	51000	51.000	0.255	5000000	255
284	scale-sign	5000000	51	1000000	1000	inverted	5000	51	0.255	51000	-51.000	-0.255	5000000	255
285	scale-sign	5000000	-51000	1000000	1000000	normal	5000	-51	0.255	-51000	-51.000	-0.255	5000000	255
286	scale-sign	5000000	-51000	1000000	1000000	inverted	5000	-51	0.255	-51000	51.000	0.255	5000000	255
287	scale-sign	5000000	51000	1000000	1000000	normal	5000	51	0.255	51000	51.000	0.255	5000000	255
288	scale-sign	5000000	51000	1000000	1000000	inverted	5000	51	0.255	51000	-51.000	-0.255	5000000	255
289	scale-sign	5000000	-895	1000000	1000	normal	5000	-895	4.475	-895000	-895.000	-4.475	5000000	4475
290	scale-sign	5000000	-895	1000000	1000	inverted	5000	-895	4.475	-895000	895.000	4.475	5000000	4475
291	scale-sign	5000000	895	1000000	1000	normal	5000	895	4.475	895000	895.000	4.475	5000000	4475
292	scale-sign	5000000	895	1000000	1000	inverted	5000	895	4.475	895000	-895.000	-4.475	5000000	4475
293	scale-sign	5000000	-895000	1000000	1000000	normal	5000	-895	4.475	-895000	-895.000	-4.475	5000000	4475
294	scale-sign	5000000	-895000	1000000	1000000	inverted	5000	-895	4.475	-895000	895.000	4.475	5000000	4475
295	scale-sign	5000000	895000	1000000	1000000	normal	5000	895	4.475	895000	895.000	4.475	5000000	4475
296	scale-sign	5000000	895000	1000000	1000000	inverted	5000	895	4.475	895000	-895.000	-4.475	5000000	4475
297	scale-sign	5000000	-2000	1000000	1000	normal	5000	-2000	10.000	-2000000	-2000	-10	5000000	10000
298	scale-sign	5000000	-2000	1000000	1000	inverted	5000	-2000	10.000	-2000000	2000	10	5000000	10000
299	scale-sign	5000000	2000	1000000	1000	normal	5000	2000	10.000	2000000	2000	10	5000000	10000
300	scale-sign	5000000	2000	1000000	1000	inverted	5000	2000	10.000	2000000	-2000	-10	5000000	10000
301	scale-sign	5000000	-2000000	1000000	1000000	normal	5000	-2000	10.000	-2000000	-2000	-10	5000000	10000
302	scale-sign	5000000	-2000000	1000000	1000000	inverted	5000	-2000	10.000	-2000000	2000	10	5000000	10000
303	scale-sign	5000000	2000000	1000000	1000000	normal	5000	2000	10.000	2000000	2000	10	5000000	10000
304	scale-sign	5000000	2000000	1000000	1000000	inverted	5000	2000	10.000	2000000	-2000	-10	5000000	10000
305	scale-sign	5000000	-20000	1000000	1000	normal	5000	-20000	100.000	-20000000	-20000	-100	5000000	100000
306	scale-sign	5000000	-20000	1000000	1000	inverted	5000	-20000	100.000	-20000000	20000	100	5000000	100000
307	scale-sign	5000000	20000	1000000	1000	normal	5000	20000	100.000	20000000	20000	100	5000000	100000
308	scale-sign	5000000	20000	1000000	1000	inverted	5000	20000	100.000	20000000	-20000	-100	5000000	100000
309	scale-sign	5000000	-20000000	1000000	1000000	normal	5000	-20000	100.000	-20000000	-20000	-100	5000000	100000
310	scale-sign	5000000	-20000000	1000000	1000000	inverted	5000	-20000	100.000	-20000000	20000	100	5000000	100000
311	scale-sign	5000000	20000000	1000000	1000000	normal	5000	20000	100.000	20000000	20000	100	5000000	100000
312	scale-sign	5000000	20000000	1000000	1000000	inverted	5000	20000	100.000	20000000	-20000	-100	5000000	100000
313	scale-sign	5000000	-100000	1000000	1000	normal	5000	-100000	500.000	-100000000	-100000	-500	5000000	500000
314	scale-sign	5000000	-100000	1000000	1000	inverted	5000	-100000	500.000	-100000000	100000	500	5000000	500000
315	scale-sign	5000000	100000	1000000	1000	normal	5000	100000	500.000	100000000	100000	500	5000000	500000
316	scale-sign	5000000	100000	1000000	1000	inverted	5000	100000	500.000	100000000	-100000	-500	5000000	500000
317	scale-sign	5000000	-100000000	1000000	1000000	normal	5000	-100000	500.000	-100000000	-100000	-500	5000000	500000
318	scale-sign	5000000	-100000000	1000000	1000000	inverted	5000	-100000	500.000	-100000000	100000	500	5000000	500000
319	scale-sign	5000000	100000000	1000000	1000000	normal	5000	100000	500.000	100000000	100000	500	5000000	500000
320	scale-sign	5000000	100000000	1000000	1000000	inverted	5000	100000	500.000	100000000	-100000	-500	5000000	500000
321	scale-sign	9000	0	1000	1000	normal	9000	0	0.000	0	0	0	9000000	0
322	scale-sign	9000	0	1000	1000	inverted	9000	0	0.000	0	-0	-0	9000000	0
323	scale-sign	9000	0	1000	1000	normal	9000	0	0.000	0	0	0	9000000	0
324	scale-sign	9000	0	1000	1000	inverted	9000	0	0.000	0	-0	-0	9000000	0
325	scale-sign	9000	0	1000	1000000	normal	9000	0	0.000	0	0	0	9000000	0
326	scale-sign	9000	0	1000	1000000	inverted	9000	0	0.000	0	-0	-0	9000000	0
327	scale-sign	9000	0	1000	1000000	normal	9000	0	0.000	0	0	0	9000000	0
328	scale-sign	9000	0	1000	1000000	inverted	9000	0	0.000	0	-0	-0	9000000	0
329	scale-sign	9000	-1	1000	1000	normal	9000	-1	0.009	-1000	-1.000	-0.009	9000000	9
330	scale-sign	9000	-1	1000	1000	inverted	9000	-1	0.009	-1000	1.000	0.009	9000000	9
331	scale-sign	9000	1	1000	1000	normal	9000	1	0.009	1000	1.000	0.009	9000000	9
332	scale-sign	9000	1	1000	1000	inverted	9000	1	0.009	1000	-1.000	-0.009	9000000	9
333	scale-sign	9000	-1000	1000	1000000	normal	9000	-1	0.009	-1000	-1.000	-0.009	9000000	9
334	scale-sign	9000	-1000	1000	1000000	inverted	9000	-1	0.009	-1000	1.000	0.009	9000000	9
335	scale-sign	9000	1000	1000	1000000	normal	9000	1	0.009	1000	1.000	0.009	9000000	9
336	scale-sign	9000	1000	1000	1000000	inverted	9000	1	0.009	1000	-1.000	-0.009	9000000	9
337	scale-sign	9000	-30	1000	1000	normal	9000	-30	0.270	-30000	-30.00	-0.27	9000000	270
338	scale-sign	9000	-30	1000	1000	inverted	9000	-30	0.270	-30000	30.00	0.27	9000000	270
339	scale-sign	9000	30	1000	1000	normal	9000	30	0.270	30000	30.00	0.27	9000000	270
340	scale-sign	9000	30	1000	1000	inverted	9000	30	0.270	30000	-30.00	-0.27	9000000	270
341	scale-sign	9000	-30000	1000	1000000	normal	9000	-30	0.270	-30000	-30.00	-0.27	9000000	270
342	scale-sign	9000	-30000	1000	1000000	inverted	9000	-30	0.270	-30000	30.00	0.27	9000000	270
343	scale-sign	9000	30000	1000	1000000	normal	9000	30	0.270	30000	30.00	0.27	9000000	270
344	scale-sign	9000	30000	1000	1000000	inverted	9000	30	0.270	30000	-30.00	-0.27	9000000	270
345	scale-sign	9000	-31	1000	1000	normal	9000	-31	0.279	-31000	-31.000	-0.279	9000000	279
346	scale-sign	9000	-31	1000	1000	inverted	9000	-31	0.279	-31000	31.000	0.279	9000000	279
347	scale-sign	9000	31	1000	1000	normal	9000	31	0.279	31000	31.000	0.279	9000000	279
348	scale-sign	9000	31	1000	1000	inverted	9000	31	0.279	31000	-31.000	-0.279	9000000	279
349	scale-sign	9000	-31000	1000	1000000	normal	9000	-31	0.279	-31000	-31.000	-0.279	9000000	279
350	scale-sign	9000	-31000	1000	1000000	inverted	9000	-31	0.279	-31000	31.000	0.279	9000000	279
351	scale-sign	9000	31000	1000	1000000	normal	9000	31	0.279	31000	31.000	0.279	9000000	279
352	scale-sign	9000	31000	1000	1000000	inverted	9000	31	0.279	31000	-31.000	-0.279	9000000	279
353	scale-sign	9000	-50	1000	1000	normal	9000	-50	0.450	-50000	-50.00	-0.45	9000000	450
354	scale-sign	9000	-50	1000	1000	inverted	9000	-50	0.450	-50000	50.00	0.45	9000000	450
355	scale-sign	9000	50	1000	1000	normal	9000	50	0.450	50000	50.00	0.45	9000000	450
356	scale-sign	9000	50	1000	1000	inverted	9000	50	0.450	50000	-50.00	-0.45	9000000	450
357	scale-sign	9000	-50000	1000	1000000	normal	9000	-50	0.450	-50000	-50.00	-0.45	9000000	450
358	scale-sign	9000	-50000	1000	1000000	inverted	9000	-50	0.450	-50000	50.00	0.45	9000000	450
359	scale-sign	9000	50000	1000	1000000	normal	9000	50	0.450	50000	50.00	0.45	9000000	450
360	scale-sign	9000	50000	1000	1000000	inverted	9000	50	0.450	50000	-50.00	-0.45	9000000	450
361	scale-sign	9000	-51	1000	1000	normal	9000	-51	0.459	-51000	-51.000	-0.459	9000000	459
362	scale-sign	9000	-51	1000	1000	inverted	9000	-51	0.459	-51000	51.000	0.459	9000000	459
363	scale-sign	9000	51	1000	1000	normal	9000	51	0.459	51000	51.000	0.459	9000000	459
364	scale-sign	9000	51	1000	1000	inverted	9000	51	0.459	51000	-51.000	-0.459	9000000	459
365	scale-sign	9000	-51000	1000	1000000	normal	9000	-51	0.459	-51000	-51.000	-0.459	9000000	459
366	scale-sign	9000	-51000	1000	1000000	inverted	9000	-51	0.459	-51000	51.000	0.459	9000000	459
367	scale-sign	9000	51000	1000	1000000	normal	9000	51	0.459	51000	51.000	0.459	9000000	459
368	scale-sign	9000	51000	1000	1000000	inverted	9000	51	0.459	51000	-51.000	-0.459	9000000	459
369	scale-sign	9000	-895	1000	1000	normal	9000	-895	8.055	-895000	-895.000	-8.055	9000000	8055
370	scale-sign	9000	-895	1000	1000	inverted	9000	-895	8.055	-895000	895.000	8.055	9000000	8055
371	scale-sign	9000	895	1000	1000	normal	9000	895	8.055	895000	895.000	8.055	9000000	8055
372	scale-sign	9000	895	1000	1000	inverted	9000	895	8.055	895000	-895.000	-8.055	9000000	8055
373	scale-sign	9000	-895000	1000	1000000	normal	9000	-895	8.055	-895000	-895.000	-8.055	9000000	8055
374	scale-sign	9000	-895000	1000	1000000	inverted	9000	-895	8.055	-895000	895.000	8.055	9000000	8055
375	scale-sign	9000	895000	1000	1000000	normal	9000	895	8.055	895000	895.000	8.055	9000000	8055
376	scale-sign	9000	895000	1000	1000000	inverted	9000	895	8.055	895000	-895.000	-8.055	9000000	8055
377	scale-sign	9000	-2000	1000	1000	normal	9000	-2000	18.000	-2000000	-2000	-18	9000000	18000
378	scale-sign	9000	-2000	1000	1000	inverted	9000	-2000	18.000	-2000000	2000	18	9000000	18000
379	scale-sign	9000	2000	1000	1000	normal	9000	2000	18.000	2000000	2000	18	9000000	18000
380	scale-sign	9000	2000	1000	1000	inverted	9000	2000	18.000	2000000	-2000	-18	9000000	18000
381	scale-sign	9000	-2000000	1000	1000000	normal	9000	-2000	18.000	-2000000	-2000	-18	9000000	18000
382	scale-sign	9000	-2000000	1000	1000000	inverted	9000	-2000	18.000	-2000000	2000	18	9000000	18000
383	scale-sign	9000	2000000	1000	1000000	normal	9000	2000	18.000	2000000	2000	18	9000000	18000
384	scale-sign	9000	2000000	1000	1000000	inverted	9000	2000	18.000	2000000	-2000	-18	9000000	18000
385	scale-sign	9000	-20000	1000	1000	normal	9000	-20000	180.000	-20000000	-20000	-180	9000000	180000
386	scale-sign	9000	-20000	1000	1000	inverted	9000	-20000	180.000	-20000000	20000	180	9000000	180000
387	scale-sign	9000	20000	1000	1000	normal	9000	20000	180.000	20000000	20000	180	9000000	180000
388	scale-sign	9000	20000	1000	1000	inverted	9000	20000	180.000	20000000	-20000	-180	9000000	180000
389	scale-sign	9000	-20000000	1000	1000000	normal	9000	-20000	180.000	-20000000	-20000	-180	9000000	180000
390	scale-sign	9000	-20000000	1000	1000000	inverted	9000	-20000	180.000	-20000000	20000	180	9000000	180000
391	scale-sign	9000	20000000	1000	1000000	normal	9000	20000	180.000	20000000	20000	180	9000000	180000
392	scale-sign	9000	20000000	1000	1000000	inverted	9000	20000	180.000	20000000	-20000	-180	9000000	180000
393	scale-sign	9000	-100000	1000	1000	normal	9000	-100000	900.000	-100000000	-100000	-900	9000000	900000
394	scale-sign	9000	-100000	1000	1000	inverted	9000	-100000	900.000	-100000000	100000	900	9000000	900000
395	scale-sign	9000	100000	1000	1000	normal	9000	100000	900.000	100000000	100000	900	9000000	900000
396	scale-sign	9000	100000	1000	1000	inverted	9000	100000	900.000	100000000	-100000	-900	9000000	900000
397	scale-sign	9000	-100000000	1000	1000000	normal	9000	-100000	900.000	-100000000	-100000	-900	9000000	900000
398	scale-sign	9000	-100000000	1000	1000000	inverted	9000	-100000	900.000	-100000000	100000	900	9000000	900000
399	scale-sign	9000	100000000	1000	1000000	normal	9000	100000	900.000	100000000	100000	900	9000000	900000
400	scale-sign	9000	100000000	1000	1000000	inverted	9000	100000	900.000	100000000	-100000	-900	9000000	900000
401	scale-sign	9000000	0	1000000	1000	normal	9000	0	0.000	0	0	0	9000000	0
402	scale-sign	9000000	0	1000000	1000	inverted	9000	0	0.000	0	-0	-0	9000000	0
403	scale-sign	9000000	0	1000000	1000	normal	9000	0	0.000	0	0	0	9000000	0
404	scale-sign	9000000	0	1000000	1000	inverted	9000	0	0.000	0	-0	-0	9000000	0
405	scale-sign	9000000	0	1000000	1000000	normal	9000	0	0.000	0	0	0	9000000	0
406	scale-sign	9000000	0	1000000	1000000	inverted	9000	0	0.000	0	-0	-0	9000000	0
407	scale-sign	9000000	0	1000000	1000000	normal	9000	0	0.000	0	0	0	9000000	0
408	scale-sign	9000000	0	1000000	1000000	inverted	9000	0	0.000	0	-0	-0	9000000	0
409	scale-sign	9000000	-1	1000000	1000	normal	9000	-1	0.009	-1000	-1.000	-0.009	9000000	9
410	scale-sign	9000000	-1	1000000	1000	inverted	9000	-1	0.009	-1000	1.000	0.009	9000000	9
411	scale-sign	9000000	1	1000000	1000	normal	9000	1	0.009	1000	1.000	0.009	9000000	9
412	scale-sign	9000000	1	1000000	1000	inverted	9000	1	0.009	1000	-1.000	-0.009	9000000	9
413	scale-sign	9000000	-1000	1000000	1000000	normal	9000	-1	0.009	-1000	-1.000	-0.009	9000000	9
414	scale-sign	9000000	-1000	1000000	1000000	inverted	9000	-1	0.009	-1000	1.000	0.009	9000000	9
415	scale-sign	9000000	1000	1000000	1000000	normal	9000	1	0.009	1000	1.000	0.009	9000000	9
416	scale-sign	9000000	1000	1000000	1000000	inverted	9000	1	0.009	1000	-1.000	-0.009	9000000	9
417	scale-sign	9000000	-30	1000000	1000	normal	9000	-30	0.270	-30000	-30.00	-0.27	9000000	270
418	scale-sign	9000000	-30	1000000	1000	inverted	9000	-30	0.270	-30000	30.00	0.27	9000000	270
419	scale-sign	9000000	30	1000000	1000	normal	9000	30	0.270	30000	30.00	0.27	9000000	270
420	scale-sign	9000000	30	1000000	1000	inverted	9000	30	0.270	30000	-30.00	-0.27	9000000	270
421	scale-sign	9000000	-30000	1000000	1000000	normal	9000	-30	0.270	-30000	-30.00	-0.27	9000000	270
422	scale-sign	9000000	-30000	1000000	1000000	inverted	9000	-30	0.270	-30000	30.00	0.27	9000000	270
423	scale-sign	9000000	30000	1000000	1000000	normal	9000	30	0.270	30000	30.00	0.27	9000000	270
424	scale-sign	9000000	30000	1000000	1000000	inverted	9000	30	0.270	30000	-30.00	-0.27	9000000	270
425	scale-sign	9000000	-31	1000000	1000	normal	9000	-31	0.279	-31000	-31.000	-0.279	9000000	279
426	scale-sign	9000000	-31	1000000	1000	inverted	9000	-31	0.279	-31000	31.000	0.279	9000000	279
427	scale-sign	9000000	31	1000000	1000	normal	9000	31	0.279	31000	31.000	0.279	9000000	279
428	scale-sign	9000000	31	1000000	1000	inverted	9000	31	0.279	31000	-31.000	-0.279	9000000	279
429	scale-sign	9000000	-31000	1000000	1000000	normal	9000	-31	0.279	-31000	-31.000	-0.279	9000000	279
430	scale-sign	9000000	-31000	1000000	1000000	inverted	9000	-31	0.279	-31000	31.000	0.279	9000000	279
431	scale-sign	9000000	31000	1000000	1000000	normal	9000	31	0.279	31000	31.000	0.279	9000000	279
432	scale-sign	9000000	31000	1000000	1000000	inverted	9000	31	0.279	31000	-31.000	-0.279	9000000	279
433	scale-sign	9000000	-50	1000000	1000	normal	9000	-50	0.450	-50000	-50.00	-0.45	9000000	450
434	scale-sign	9000000	-50	1000000	1000	inverted	9000	-50	0.450	-50000	50.00	0.45	9000000	450
435	scale-sign	9000000	50	1000000	1000	normal	9000	50	0.450	50000	50.00	0.45	9000000	450
436	scale-sign	9000000	50	1000000	1000	inverted	9000	50	0.450	50000	-50.00	-0.45	9000000	450
437	scale-sign	9000000	-50000	1000000	1000000	normal	9000	-50	0.450	-50000	-50.00	-0.45	9000000	450
438	scale-sign	9000000	-50000	1000000	1000000	inverted	9000	-50	0.450	-50000	50.00	0.45	9000000	450
439	scale-sign	9000000	50000	1000000	1000000	normal	9000	50	0.450	50000	50.00	0.45	9000000	450
440	scale-sign	9000000	50000	1000000	1000000	inverted	9000	50	0.450	50000	-50.00	-0.45	9000000	450
441	scale-sign	9000000	-51	1000000	1000	normal	9000	-51	0.459	-51000	-51.000	-0.459	9000000	459
442	scale-sign	9000000	-51	1000000	1000	inverted	9000	-51	0.459	-51000	51.000	0.459	9000000	459
443	scale-sign	9000000	51	1000000	1000	normal	9000	51	0.459	51000	51.000	0.459	9000000	459
444	scale-sign	9000000	51	1000000	1000	inverted	9000	51	0.459	51000	-51.000	-0.459	9000000	459
445	scale-sign	9000000	-51000	1000000	1000000	normal	9000	-51	0.459	-51000	-51.000	-0.459	9000000	459
446	scale-sign	9000000	-51000	1000000	1000000	inverted	9000	-51	0.459	-51000	51.000	0.459	9000000	459
447	scale-sign	9000000	51000	1000000	1000000	normal	9000	51	0.459	51000	51.000	0.459	9000000	459
448	scale-sign	9000000	51000	1000000	1000000	inverted	9000	51	0.459	51000	-51.000	-0.459	9000000	459
449	scale-sign	9000000	-895	1000000	1000	normal	9000	-895	8.055	-895000	-895.000	-8.055	9000000	8055
450	scale-sign	9000000	-895	1000000	1000	inverted	9000	-895	8.055	-895000	895.000	8.055	9000000	8055
451	scale-sign	9000000	895	1000000	1000	normal	9000	895	8.055	895000	895.000	8.055	9000000	8055
452	scale-sign	9000000	895	1000000	1000	inverted	9000	895	8.055	895000	-895.000	-8.055	9000000	8055
453	scale-sign	9000000	-895000	1000000	1000000	normal	9000	-895	8.055	-895000	-895.000	-8.055	9000000	8055
454	scale-sign	9000000	-895000	1000000	1000000	inverted	9000	-895	8.055	-895000	895.000	8.055	9000000	8055
455	scale-sign	9000000	895000	1000000	1000000	normal	9000	895	8.055	895000	895.000	8.055	9000000	8055
456	scale-sign	9000000	895000	1000000	1000000	inverted	9000	895	8.055	895000	-895.000	-8.055	9000000	8055
457	scale-sign	9000000	-2000	1000000	1000	normal	9000	-2000	18.000	-2000000	-2000	-18	9000000	18000
458	scale-sign	9000000	-2000	1000000	1000	inverted	9000	-2000	18.000	-2000000	2000	18	9000000	18000
459	scale-sign	9000000	2000	1000000	1000	normal	9000	2000	18.000	2000000	2000	18	9000000	18000
460	scale-sign	9000000	2000	1000000	1000	inverted	9000	2000	18.000	2000000	-2000	-18	9000000	18000
461	scale-sign	9000000	-2000000	1000000	1000000	normal	9000	-2000	18.000	-2000000	-2000	-18	9000000	18000
462	scale-sign	9000000	-2000000	1000000	1000000	inverted	9000	-2000	18.000	-2000000	2000	18	9000000	18000
463	scale-sign	9000000	2000000	1000000	1000000	normal	9000	2000	18.000	2000000	2000	18	9000000	18000
464	scale-sign	9000000	2000000	1000000	1000000	inverted	9000	2000	18.000	2000000	-2000	-18	9000000	18000
465	scale-sign	9000000	-20000	1000000	1000	normal	9000	-20000	180.000	-20000000	-20000	-180	9000000	180000
466	scale-sign	9000000	-20000	1000000	1000	inverted	9000	-20000	180.000	-20000000	20000	180	9000000	180000
467	scale-sign	9000000	20000	1000000	1000	normal	9000	20000	180.000	20000000	20000	180	9000000	180000
468	scale-sign	9000000	20000	1000000	1000	inverted	9000	20000	180.000	20000000	-20000	-180	9000000	180000
469	scale-sign	9000000	-20000000	1000000	1000000	normal	9000	-20000	180.000	-20000000	-20000	-180	9000000	180000
470	scale-sign	9000000	-20000000	1000000	1000000	inverted	9000	-20000	180.000	-20000000	20000	180	9000000	180000
471	scale-sign	9000000	20000000	1000000	1000000	normal	9000	20000	180.000	20000000	20000	180	9000000	180000
472	scale-sign	9000000	20000000	1000000	1000000	inverted	9000	20000	180.000	20000000	-20000	-180	9000000	180000
473	scale-sign	9000000	-100000	1000000	1000	normal	9000	-100000	900.000	-100000000	-100000	-900	9000000	900000
474	scale-sign	9000000	-100000	1000000	1000	inverted	9000	-100000	900.000	-100000000	100000	900	9000000	900000
475	scale-sign	9000000	100000	1000000	1000	normal	9000	100000	900.000	100000000	100000	900	9000000	900000
476	scale-sign	9000000	100000	1000000	1000	inverted	9000	100000	900.000	100000000	-100000	-900	9000000	900000
477	scale-sign	9000000	-100000000	1000000	1000000	normal	9000	-100000	900.000	-100000000	-100000	-900	9000000	900000
478	scale-sign	9000000	-100000000	1000000	1000000	inverted	9000	-100000	900.000	-100000000	100000	900	9000000	900000
479	scale-sign	9000000	100000000	1000000	1000000	normal	9000	100000	900.000	100000000	100000	900	9000000	900000
480	scale-sign	9000000	100000000	1000000	1000000	inverted	9000	100000	900.000	100000000	-100000	-900	9000000	900000
481	scale-sign	50000	0	1000	1000	normal	50000	0	0.000	0	0	0	50000000	0
482	scale-sign	50000	0	1000	1000	inverted	50000	0	0.000	0	-0	-0	50000000	0
483	scale-sign	50000	0	1000	1000	normal	50000	0	0.000	0	0	0	50000000	0
484	scale-sign	50000	0	1000	1000	inverted	50000	0	0.000	0	-0	-0	50000000	0
485	scale-sign	50000	0	1000	1000000	normal	50000	0	0.000	0	0	0	50000000	0
486	scale-sign	50000	0	1000	1000000	inverted	50000	0	0.000	0	-0	-0	50000000	0
487	scale-sign	50000	0	1000	1000000	normal	50000	0	0.000	0	0	0	50000000	0
488	scale-sign	50000	0	1000	1000000	inverted	50000	0	0.000	0	-0	-0	50000000	0
489	scale-sign	50000	-1	1000	1000	normal	50000	-1	0.050	-1000	-1.000	-0.050	50000000	50
490	scale-sign	50000	-1	1000	1000	inverted	50000	-1	0.050	-1000	1.000	0.050	50000000	50
491	scale-sign	50000	1	1000	1000	normal	50000	1	0.050	1000	1.000	0.050	50000000	50
492	scale-sign	50000	1	1000	1000	inverted	50000	1	0.050	1000	-1.000	-0.050	50000000	50
493	scale-sign	50000	-1000	1000	1000000	normal	50000	-1	0.050	-1000	-1.000	-0.050	50000000	50
494	scale-sign	50000	-1000	1000	1000000	inverted	50000	-1	0.050	-1000	1.000	0.050	50000000	50
495	scale-sign	50000	1000	1000	1000000	normal	50000	1	0.050	1000	1.000	0.050	50000000	50
496	scale-sign	50000	1000	1000	1000000	inverted	50000	1	0.050	1000	-1.000	-0.050	50000000	50
497	scale-sign	50000	-30	1000	1000	normal	50000	-30	1.500	-30000	-30.00	-1.50	50000000	1500
498	scale-sign	50000	-30	1000	1000	inverted	50000	-30	1.500	-30000	30.00	1.50	50000000	1500
499	scale-sign	50000	30	1000	1000	normal	50000	30	1.500	30000	30.00	1.50	50000000	1500
500	scale-sign	50000	30	1000	1000	inverted	50000	30	1.500	30000	-30.00	-1.50	50000000	1500
501	scale-sign	50000	-30000	1000	1000000	normal	50000	-30	1.500	-30000	-30.00	-1.50	50000000	1500
502	scale-sign	50000	-30000	1000	1000000	inverted	50000	-30	1.500	-30000	30.00	1.50	50000000	1500
503	scale-sign	50000	30000	1000	1000000	normal	50000	30	1.500	30000	30.00	1.50	50000000	1500
504	scale-sign	50000	30000	1000	1000000	inverted	50000	30	1.500	30000	-30.00	-1.50	50000000	1500
505	scale-sign	50000	-31	1000	1000	normal	50000	-31	1.550	-31000	-31.000	-1.550	50000000	1550
506	scale-sign	50000	-31	1000	1000	inverted	50000	-31	1.550	-31000	31.000	1.550	50000000	1550
507	scale-sign	50000	31	1000	1000	normal	50000	31	1.550	31000	31.000	1.550	50000000	1550
508	scale-sign	50000	31	1000	1000	inverted	50000	31	1.550	31000	-31.000	-1.550	50000000	1550
509	scale-sign	50000	-31000	1000	1000000	normal	50000	-31	1.550	-31000	-31.000	-1.550	50000000	1550
510	scale-sign	50000	-31000	1000	1000000	inverted	50000	-31	1.550	-31000	31.000	1.550	50000000	1550
511	scale-sign	50000	31000	1000	1000000	normal	50000	31	1.550	31000	31.000	1.550	50000000	1550
512	scale-sign	50000	31000	1000	1000000	inverted	50000	31	1.550	31000	-31.000	-1.550	50000000	1550
513	scale-sign	50000	-50	1000	1000	normal	50000	-50	2.500	-50000	-50.00	-2.50	50000000	2500
514	scale-sign	50000	-50	1000	1000	inverted	50000	-50	2.500	-50000	50.00	2.50	50000000	2500
515	scale-sign	50000	50	1000	1000	normal	50000	50	2.500	50000	50.00	2.50	50000000	2500
516	scale-sign	50000	50	1000	1000	inverted	50000	50	2.500	50000	-50.00	-2.50	50000000	2500
517	scale-sign	50000	-50000	1000	1000000	normal	50000	-50	2.500	-50000	-50.00	-2.50	50000000	2500
518	scale-sign	50000	-50000	1000	1000000	inverted	50000	-50	2.500	-50000	50.00	2.50	50000000	2500
519	scale-sign	50000	50000	1000	1000000	normal	50000	50	2.500	50000	50.00	2.50	50000000	2500
520	scale-sign	50000	50000	1000	1000000	inverted	50000	50	2.500	50000	-50.00	-2.50	50000000	2500
521	scale-sign	50000	-51	1000	1000	normal	50000	-51	2.550	-51000	-51.000	-2.550	50000000	2550
522	scale-sign	50000	-51	1000	1000	inverted	50000	-51	2.550	-51000	51.000	2.550	50000000	2550
523	scale-sign	50000	51	1000	1000	normal	50000	51	2.550	51000	51.000	2.550	50000000	2550
524	scale-sign	50000	51	1000	1000	inverted	50000	51	2.550	51000	-51.000	-2.550	50000000	2550
525	scale-sign	50000	-51000	1000	1000000	normal	50000	-51	2.550	-51000	-51.000	-2.550	50000000	2550
526	scale-sign	50000	-51000	1000	1000000	inverted	50000	-51	2.550	-51000	51.000	2.550	50000000	2550
527	scale-sign	50000	51000	1000	1000000	normal	50000	51	2.550	51000	51.000	2.550	50000000	2550
528	scale-sign	50000	51000	1000	1000000	inverted	50000	51	2.550	51000	-51.000	-2.550	50000000	2550
529	scale-sign	50000	-895	1000	1000	normal	50000	-895	44.750	-895000	-895.000	-44.750	50000000	44750
530	scale-sign	50000	-895	1000	1000	inverted	50000	-895	44.750	-895000	895.000	44.750	50000000	44750
531	scale-sign	50000	895	1000	1000	normal	50000	895	44.750	895000	895.000	44.750	50000000	44750
532	scale-sign	50000	895	1000	1000	inverted	50000	895	44.750	895000	-895.000	-44.750	50000000	44750
533	scale-sign	50000	-895000	1000	1000000	normal	50000	-895	44.750	-895000	-895.000	-44.750	50000000	44750
534	scale-sign	50000	-895000	1000	1000000	inverted	50000	-895	44.750	-895000	895.000	44.750	50000000	44750
535	scale-sign	50000	895000	1000	1000000	normal	50000	895	44.750	895000	895.000	44.750	50000000	44750
536	scale-sign	50000	895000	1000	1000000	inverted	50000	895	44.750	895000	-895.000	-44.750	50000000	44750
537	scale-sign	50000	-2000	1000	1000	normal	50000	-2000	100.000	-2000000	-2000	-100	50000000	100000
538	scale-sign	50000	-2000	1000	1000	inverted	50000	-2000	100.000	-2000000	2000	100	50000000	100000
539	scale-sign	50000	2000	1000	1000	normal	50000	2000	100.000	2000000	2000	100	50000000	100000
540	scale-sign	50000	2000	1000	1000	inverted	50000	2000	100.000	2000000	-2000	-100	50000000	100000
541	scale-sign	50000	-2000000	1000	1000000	normal	50000	-2000	100.000	-2000000	-2000	-100	50000000	100000
542	scale-sign	50000	-2000000	1000	1000000	inverted	50000	-2000	100.000	-2000000	2000	100	50000000	100000
543	scale-sign	50000	2000000	1000	1000000	normal	50000	2000	100.000	2000000	2000	100	50000000	100000
544	scale-sign	50000	2000000	1000	1000000	inverted	50000	2000	100.000	2000000	-2000	-100	50000000	100000
545	scale-sign	50000	-20000	1000	1000	normal	50000	-20000	1000.000	-20000000	-20000	-1000	50000000	1000000
546	scale-sign	50000	-20000	1000	1000	inverted	50000	-20000	1000.000	-20000000	20000	1000	50000000	1000000
547	scale-sign	50000	20000	1000	1000	normal	50000	20000	1000.000	20000000	20000	1000	50000000	1000000
548	scale-sign	50000	20000	1000	1000	inverted	50000	20000	1000.000	20000000	-20000	-1000	50000000	1000000
549	scale-sign	50000	-20000000	1000	1000000	normal	50000	-20000	1000.000	-20000000	-20000	-1000	50000000	1000000
550	scale-sign	50000	-20000000	1000	1000000	inverted	50000	-20000	1000.000	-20000000	20000	1000	50000000	1000000
551	scale-sign	50000	20000000	1000	1000000	normal	50000	20000	1000.000	20000000	20000	1000	50000000	1000000
552	scale-sign	50000	20000000	1000	1000000	inverted	50000	20000	1000.000	20000000	-20000	-1000	50000000	1000000
553	scale-sign	50000	-100000	1000	1000	normal	50000	-100000	5000.000	-100000000	-100000	-5000	50000000	5000000
554	scale-sign	50000	-100000	1000	1000	inverted	50000	-100000	5000.000	-100000000	100000	5000	50000000	5000000
555	scale-sign	50000	100000	1000	1000	normal	50000	100000	5000.000	100000000	100000	5000	50000000	5000000
556	scale-sign	50000	100000	1000	1000	inverted	50000	100000	5000.000	100000000	-100000	-5000	50000000	5000000
557	scale-sign	50000	-100000000	1000	1000000	normal	50000	-100000	5000.000	-100000000	-100000	-5000	50000000	5000000
558	scale-sign	50000	-100000000	1000	1000000	inverted	50000	-100000	5000.000	-100000000	100000	5000	50000000	5000000
559	scale-sign	50000	100000000	1000	1000000	normal	50000	100000	5000.000	100000000	100000	5000	50000000	5000000
560	scale-sign	50000	100000000	1000	1000000	inverted	50000	100000	5000.000	100000000	-100000	-5000	50000000	5000000
561	scale-sign	50000000	0	1000000	1000	normal	50000	0	0.000	0	0	0	50000000	0
562	scale-sign	50000000	0	1000000	1000	inverted	50000	0	0.000	0	-0	-0	50000000	0
563	scale-sign	50000000	0	1000000	1000	normal	50000	0	0.000	0	0	0	50000000	0
564	scale-sign	50000000	0	1000000	1000	inverted	50000	0	0.000	0	-0	-0	50000000	0
565	scale-sign	50000000	0	1000000	1000000	normal	50000	0	0.000	0	0	0	50000000	0
566	scale-sign	50000000	0	1000000	1000000	inverted	50000	0	0.000	0	-0	-0	50000000	0
567	scale-sign	50000000	0	1000000	1000000	normal	50000	0	0.000	0	0	0	50000000	0
568	scale-sign	50000000	0	1000000	1000000	inverted	50000	0	0.000	0	-0	-0	50000000	0
569	scale-sign	50000000	-1	1000000	1000	normal	50000	-1	0.050	-1000	-1.000	-0.050	50000000	50
570	scale-sign	50000000	-1	1000000	1000	inverted	50000	-1	0.050	-1000	1.000	0.050	50000000	50
571	scale-sign	50000000	1	1000000	1000	normal	50000	1	0.050	1000	1.000	0.050	50000000	50
572	scale-sign	50000000	1	1000000	1000	inverted	50000	1	0.050	1000	-1.000	-0.050	50000000	50
573	scale-sign	50000000	-1000	1000000	1000000	normal	50000	-1	0.050	-1000	-1.000	-0.050	50000000	50
574	scale-sign	50000000	-1000	1000000	1000000	inverted	50000	-1	0.050	-1000	1.000	0.050	50000000	50
575	scale-sign	50000000	1000	1000000	1000000	normal	50000	1	0.050	1000	1.000	0.050	50000000	50
576	scale-sign	50000000	1000	1000000	1000000	inverted	50000	1	0.050	1000	-1.000	-0.050	50000000	50
577	scale-sign	50000000	-30	1000000	1000	normal	50000	-30	1.500	-30000	-30.00	-1.50	50000000	1500
578	scale-sign	50000000	-30	1000000	1000	inverted	50000	-30	1.500	-30000	30.00	1.50	50000000	1500
579	scale-sign	50000000	30	1000000	1000	normal	50000	30	1.500	30000	30.00	1.50	50000000	1500
580	scale-sign	50000000	30	1000000	1000	inverted	50000	30	1.500	30000	-30.00	-1.50	50000000	1500
581	scale-sign	50000000	-30000	1000000	1000000	normal	50000	-30	1.500	-30000	-30.00	-1.50	50000000	1500
582	scale-sign	50000000	-30000	1000000	1000000	inverted	50000	-30	1.500	-30000	30.00	1.50	50000000	1500
583	scale-sign	50000000	30000	1000000	1000000	normal	50000	30	1.500	30000	30.00	1.50	50000000	1500
584	scale-sign	50000000	30000	1000000	1000000	inverted	50000	30	1.500	30000	-30.00	-1.50	50000000	1500
585	scale-sign	50000000	-31	1000000	1000	normal	50000	-31	1.550	-31000	-31.000	-1.550	50000000	1550
586	scale-sign	50000000	-31	1000000	1000	inverted	50000	-31	1.550	-31000	31.000	1.550	50000000	1550
587	scale-sign	50000000	31	1000000	1000	normal	50000	31	1.550	31000	31.000	1.550	50000000	1550
588	scale-sign	50000000	31	1000000	1000	inverted	50000	31	1.550	31000	-31.000	-1.550	50000000	1550
589	scale-sign	50000000	-31000	1000000	1000000	normal	50000	-31	1.550	-31000	-31.000	-1.550	50000000	1550
590	scale-sign	50000000	-31000	1000000	1000000	inverted	50000	-31	1.550	-31000	31.000	1.550	50000000	1550
591	scale-sign	50000000	31000	1000000	1000000	normal	50000	31	1.550	31000	31.000	1.550	50000000	1550
592	scale-sign	50000000	31000	1000000	1000000	inverted	50000	31	1.550	31000	-31.000	-1.550	50000000	1550
593	scale-sign	50000000	-50	1000000	1000	normal	50000	-50	2.500	-50000	-50.00	-2.50	50000000	2500
594	scale-sign	50000000	-50	1000000	1000	inverted	50000	-50	2.500	-50000	50.00	2.50	50000000	2500
595	scale-sign	50000000	50	1000000	1000	normal	50000	50	2.500	50000	50.00	2.50	50000000	2500
596	scale-sign	50000000	50	1000000	1000	inverted	50000	50	2.500	50000	-50.00	-2.50	50000000	2500
597	scale-sign	50000000	-50000	1000000	1000000	normal	50000	-50	2.500	-50000	-50.00	-2.50	50000000	2500
598	scale-sign	50000000	-50000	1000000	1000000	inverted	50000	-50	2.500	-50000	50.00	2.50	50000000	2500
599	scale-sign	50000000	50000	1000000	1000000	normal	50000	50	2.500	50000	50.00	2.50	50000000	2500
600	scale-sign	50000000	50000	1000000	1000000	inverted	50000	50	2.500	50000	-50.00	-2.50	50000000	2500
601	scale-sign	50000000	-51	1000000	1000	normal	50000	-51	2.550	-51000	-51.000	-2.550	50000000	2550
602	scale-sign	50000000	-51	1000000	1000	inverted	50000	-51	2.550	-51000	51.000	2.550	50000000	2550
603	scale-sign	50000000	51	1000000	1000	normal	50000	51	2.550	51000	51.000	2.550	50000000	2550
604	scale-sign	50000000	51	1000000	1000	inverted	50000	51	2.550	51000	-51.000	-2.550	50000000	2550
605	scale-sign	50000000	-51000	1000000	1000000	normal	50000	-51	2.550	-51000	-51.000	-2.550	50000000	2550
606	scale-sign	50000000	-51000	1000000	1000000	inverted	50000	-51	2.550	-51000	51.000	2.550	50000000	2550
607	scale-sign	50000000	51000	1000000	1000000	normal	50000	51	2.550	51000	51.000	2.550	50000000	2550
608	scale-sign	50000000	51000	1000000	1000000	inverted	50000	51	2.550	51000	-51.000	-2.550	50000000	2550
609	scale-sign	50000000	-895	1000000	1000	normal	50000	-895	44.750	-895000	-895.000	-44.750	50000000	44750
610	scale-sign	50000000	-895	1000000	1000	inverted	50000	-895	44.750	-895000	895.000	44.750	50000000	44750
611	scale-sign	50000000	895	1000000	1000	normal	50000	895	44.750	895000	895.000	44.750	50000000	44750
612	scale-sign	50000000	895	1000000	1000	inverted	50000	895	44.750	895000	-895.000	-44.750	50000000	44750
613	scale-sign	50000000	-895000	1000000	1000000	normal	50000	-895	44.750	-895000	-895.000	-44.750	50000000	44750
614	scale-sign	50000000	-895000	1000000	1000000	inverted	50000	-895	44.750	-895000	895.000	44.750	50000000	44750
615	scale-sign	50000000	895000	1000000	1000000	normal	50000	895	44.750	895000	895.000	44.750	50000000	44750
616	scale-sign	50000000	895000	1000000	1000000	inverted	50000	895	44.750	895000	-895.000	-44.750	50000000	44750
617	scale-sign	50000000	-2000	1000000	1000	normal	50000	-2000	100.000	-2000000	-2000	-100	50000000	100000
618	scale-sign	50000000	-2000	1000000	1000	inverted	50000	-2000	100.000	-2000000	2000	100	50000000	100000
619	scale-sign	50000000	2000	1000000	1000	normal	50000	2000	100.000	2000000	2000	100	50000000	100000
620	scale-sign	50000000	2000	1000000	1000	inverted	50000	2000	100.000	2000000	-2000	-100	50000000	100000
621	scale-sign	50000000	-2000000	1000000	1000000	normal	50000	-2000	100.000	-2000000	-2000	-100	50000000	100000
622	scale-sign	50000000	-2000000	1000000	1000000	inverted	50000	-2000	100.000	-2000000	2000	100	50000000	100000
623	scale-sign	50000000	2000000	1000000	1000000	normal	50000	2000	100.000	2000000	2000	100	50000000	100000
624	scale-sign	50000000	2000000	1000000	1000000	inverted	50000	2000	100.000	2000000	-2000	-100	50000000	100000
625	scale-sign	50000000	-20000	1000000	1000	normal	50000	-20000	1000.000	-20000000	-20000	-1000	50000000	1000000
626	scale-sign	50000000	-20000	1000000	1000	inverted	50000	-20000	1000.000	-20000000	20000	1000	50000000	1000000
627	scale-sign	50000000	20000	1000000	1000	normal	50000	20000	1000.000	20000000	20000	1000	50000000	1000000
628	scale-sign	50000000	20000	1000000	1000	inverted	50000	20000	1000.000	20000000	-20000	-1000	50000000	1000000
629	scale-sign	50000000	-20000000	1000000	1000000	normal	50000	-20000	1000.000	-20000000	-20000	-1000	50000000	1000000
630	scale-sign	50000000	-20000000	1000000	1000000	inverted	50000	-20000	1000.000	-20000000	20000	1000	50000000	1000000
631	scale-sign	50000000	20000000	1000000	1000000	normal	50000	20000	1000.000	20000000	20000	1000	50000000	1000000
632	scale-sign	50000000	20000000	1000000	1000000	inverted	50000	20000	1000.000	20000000	-20000	-1000	50000000	1000000
633	scale-sign	50000000	-100000	1000000	1000	normal	50000	-100000	5000.000	-100000000	-100000	-5000	50000000	5000000
634	scale-sign	50000000	-100000	1000000	1000	inverted	50000	-100000	5000.000	-100000000	100000	5000	50000000	5000000
635	scale-sign	50000000	100000	1000000	1000	normal	50000	100000	5000.000	100000000	100000	5000	50000000	5000000
636	scale-sign	50000000	100000	1000000	1000	inverted	50000	100000	5000.000	100000000	-100000	-5000	50000000	5000000
637	scale-sign	50000000	-100000000	1000000	1000000	normal	50000	-100000	5000.000	-100000000	-100000	-5000	50000000	5000000
638	scale-sign	50000000	-100000000	1000000	1000000	inverted	50000	-100000	5000.000	-100000000	100000	5000	50000000	5000000
639	scale-sign	50000000	100000000	1000000	1000000	normal	50000	100000	5000.000	100000000	100000	5000	50000000	5000000
640	scale-sign	50000000	100000000	1000000	1000000	inverted	50000	100000	5000.000	100000000	-100000	-5000	50000000	5000000
641	decimal-integers	+0005000	+0000895	1000	1000	normal	5000	895	4.475	895000	895.000	4.475	5000000	4475
642	decimal-integers	+0005000	-0000895	1000	1000	normal	5000	-895	4.475	-895000	-895.000	-4.475	5000000	4475
643	decimal-integers	+0005000	-0000	1000	1000	normal	5000	0	0.000	0	-0	-0	5000000	0
644	decimal-integers	0009000	+0000895	1000	1000	normal	9000	895	8.055	895000	895.000	8.055	9000000	8055
645	decimal-integers	0009000	-0000895	1000	1000	normal	9000	-895	8.055	-895000	-895.000	-8.055	9000000	8055
646	decimal-integers	0009000	-0000	1000	1000	normal	9000	0	0.000	0	-0	-0	9000000	0
647	precision	3712937	1234567	1000000	1000000	normal	3712	1234	4.580	1234567	1234.567000	4.583869493279	3712937	4583
648	precision	3712937	1234567	1000000	1000000	inverted	3712	1234	4.580	1234567	-1234.567000	-4.583869493279	3712937	4583
649	precision	3712937	-10001	1000000	1000000	normal	3712	-10	0.037	-10001	-10.001000	-0.037133082937	3712937	37
650	precision	3712937	-10001	1000000	1000000	inverted	3712	-10	0.037	-10001	10.001000	0.037133082937	3712937	37
651	precision	3712937	1	1000000	1000000	normal	3712	0	0.000	1	0.001000	0.000003712937	3712937	0
652	precision	3712937	1	1000000	1000000	inverted	3712	0	0.000	1	-0.001000	-0.000003712937	3712937	0
653	precision	3712937	-1	1000000	1000000	normal	3712	0	0.000	-1	-0.001000	-0.000003712937	3712937	0
654	precision	3712937	-1	1000000	1000000	inverted	3712	0	0.000	-1	0.001000	0.000003712937	3712937	0
655	precision	5000001	1234567	1000000	1000000	normal	5000	1234	6.170	1234567	1234.567000	6.172836234567	5000001	6172
656	precision	5000001	1234567	1000000	1000000	inverted	5000	1234	6.170	1234567	-1234.567000	-6.172836234567	5000001	6172
657	precision	5000001	-10001	1000000	1000000	normal	5000	-10	0.050	-10001	-10.001000	-0.050005010001	5000001	50
658	precision	5000001	-10001	1000000	1000000	inverted	5000	-10	0.050	-10001	10.001000	0.050005010001	5000001	50
659	precision	5000001	1	1000000	1000000	normal	5000	0	0.000	1	0.001000	0.000005000001	5000001	0
660	precision	5000001	1	1000000	1000000	inverted	5000	0	0.000	1	-0.001000	-0.000005000001	5000001	0
661	precision	5000001	-1	1000000	1000000	normal	5000	0	0.000	-1	-0.001000	-0.000005000001	5000001	0
662	precision	5000001	-1	1000000	1000000	inverted	5000	0	0.000	-1	0.001000	0.000005000001	5000001	0
663	precision	8999999	1234567	1000000	1000000	normal	8999	1234	11.104	1234567	1234.567000	11.111101765433	8999999	11111
664	precision	8999999	1234567	1000000	1000000	inverted	8999	1234	11.104	1234567	-1234.567000	-11.111101765433	8999999	11111
665	precision	8999999	-10001	1000000	1000000	normal	8999	-10	0.089	-10001	-10.001000	-0.090008989999	8999999	90
666	precision	8999999	-10001	1000000	1000000	inverted	8999	-10	0.089	-10001	10.001000	0.090008989999	8999999	90
667	precision	8999999	1	1000000	1000000	normal	8999	0	0.000	1	0.001000	0.000008999999	8999999	0
668	precision	8999999	1	1000000	1000000	inverted	8999	0	0.000	1	-0.001000	-0.000008999999	8999999	0
669	precision	8999999	-1	1000000	1000000	normal	8999	0	0.000	-1	-0.001000	-0.000008999999	8999999	0
670	precision	8999999	-1	1000000	1000000	inverted	8999	0	0.000	-1	0.001000	0.000008999999	8999999	0
671	bad-voltage	~	895	1000	1000	normal	null	895	null	895000	895.000	null	null	null
672	bad-current	5000	~	1000	1000	normal	5000	null	null	null	null	null	5000000	null
673	bad-voltage	null	895	1000	1000	normal	null	895	null	895000	895.000	null	null	null
674	bad-current	5000	null	1000	1000	normal	5000	null	null	null	null	null	5000000	null
675	bad-voltage	unknown	895	1000	1000	normal	null	895	null	895000	895.000	null	null	null
676	bad-current	5000	unknown	1000	1000	normal	5000	null	null	null	null	null	5000000	null
677	bad-voltage	garbage	895	1000	1000	normal	null	895	null	895000	895.000	null	null	null
678	bad-current	5000	garbage	1000	1000	normal	5000	null	null	null	null	null	5000000	null
679	bad-voltage	NaN	895	1000	1000	normal	null	895	null	895000	895.000	null	null	null
680	bad-current	5000	NaN	1000	1000	normal	5000	null	null	null	null	null	5000000	null
681	bad-voltage	Infinity	895	1000	1000	normal	null	895	null	895000	895.000	null	null	null
682	bad-current	5000	Infinity	1000	1000	normal	5000	null	null	null	null	null	5000000	null
683	bad-voltage	-Infinity	895	1000	1000	normal	null	895	null	895000	895.000	null	null	null
684	bad-current	5000	-Infinity	1000	1000	normal	5000	null	null	null	null	null	5000000	null
685	bad-voltage	1.5	895	1000	1000	normal	null	895	null	895000	895.000	null	null	null
686	bad-current	5000	1.5	1000	1000	normal	5000	null	null	null	null	null	5000000	null
687	bad-voltage	1e3	895	1000	1000	normal	null	895	null	895000	895.000	null	null	null
688	bad-current	5000	1e3	1000	1000	normal	5000	null	null	null	null	null	5000000	null
689	bad-voltage	+	895	1000	1000	normal	null	895	null	895000	895.000	null	null	null
690	bad-current	5000	+	1000	1000	normal	5000	null	null	null	null	null	5000000	null
691	bad-voltage	-	895	1000	1000	normal	null	895	null	895000	895.000	null	null	null
692	bad-current	5000	-	1000	1000	normal	5000	null	null	null	null	null	5000000	null
693	bad-voltage	--1	895	1000	1000	normal	null	895	null	895000	895.000	null	null	null
694	bad-current	5000	--1	1000	1000	normal	5000	null	null	null	null	null	5000000	null
695	bad-voltage	1-2	895	1000	1000	normal	null	895	null	895000	895.000	null	null	null
696	bad-current	5000	1-2	1000	1000	normal	5000	null	null	null	null	null	5000000	null
697	bad-voltage	2 3	895	1000	1000	normal	null	895	null	895000	895.000	null	null	null
698	bad-current	5000	2 3	1000	1000	normal	5000	null	null	null	null	null	5000000	null
699	bad-voltage	0x1000	895	1000	1000	normal	null	895	null	895000	895.000	null	null	null
700	bad-current	5000	0x1000	1000	1000	normal	5000	null	null	null	null	null	5000000	null
701	bad-voltage	999999999999999999999999	895	1000	1000	normal	null	895	null	895000	895.000	null	null	null
702	bad-current	5000	999999999999999999999999	1000	1000	normal	5000	null	null	null	null	null	5000000	null
703	voltage-range	-5000	895	1000	1000	normal	null	895	null	895000	895.000	null	null	null
704	voltage-range	-9000000	895	1000	1000	normal	null	895	null	895000	895.000	null	null	null
705	voltage-range	0	895	1000	1000	normal	null	895	null	895000	895.000	null	null	null
706	voltage-range	1	895	1000	1000	normal	null	895	null	895000	895.000	null	null	null
707	voltage-range	5	895	1000	1000	normal	null	895	null	895000	895.000	null	null	null
708	voltage-range	9	895	1000	1000	normal	null	895	null	895000	895.000	null	null	null
709	voltage-range	999	895	1000	1000	normal	null	895	null	895000	895.000	null	null	null
710	voltage-range	50001	895	1000	1000	normal	null	895	null	895000	895.000	null	null	null
711	voltage-range	50001000	895	1000	1000	normal	null	895	null	895000	895.000	null	null	null
712	voltage-range	9000000000	895	1000	1000	normal	null	895	null	895000	895.000	null	null	null
713	current-range	5000	100001	1000	1000	normal	5000	null	null	null	null	null	5000000	null
714	current-range	5000	100001000	1000	1000000	normal	5000	null	null	null	null	null	5000000	null
715	current-range	5000	-100001	1000	1000	normal	5000	null	null	null	null	null	5000000	null
716	current-range	5000	-100001000	1000	1000000	normal	5000	null	null	null	null	null	5000000	null
717	unsupported-scale	5000	2000	1000	0	normal	5000	null	null	null	null	null	5000000	null
718	unsupported-scale	5000	2000	1000	1	normal	5000	null	null	null	null	null	5000000	null
719	unsupported-scale	5000	2000	1000	1000000000	normal	5000	null	null	null	null	null	5000000	null
